{"cameraMode":{"drawMode":0,"name":"Shaded","section":"Shading Mode"},"sceneLighting":false,"audioPlay":false,"sceneViewState":{"showFog":true,"showMaterialUpdate":false,"showSkybox":false,"showFlares":true,"showImageEffects":true,"showParticleSystems":true,"showVisualEffectGraphs":true,"m_FxEnabled":true},"in2DMode":false,"pivot":{"x":-0.143941730260849,"y":7.355809688568115,"z":-2.3618130683898927},"rotation":{"x":0.0037553536240011455,"y":-0.9686214327812195,"z":0.24816665053367616,"w":0.014499192126095295},"size":6.413639068603516,"orthographic":false}