{"cameraMode":{"drawMode":0,"name":"Shaded","section":"Shading Mode"},"sceneLighting":false,"audioPlay":false,"sceneViewState":{"showFog":true,"showMaterialUpdate":false,"showSkybox":false,"showFlares":true,"showImageEffects":true,"showParticleSystems":true,"showVisualEffectGraphs":true,"m_FxEnabled":true},"in2DMode":false,"pivot":{"x":1.690000057220459,"y":1.3689825534820557,"z":7.450580596923828e-9},"rotation":{"x":0.0037553536240011455,"y":-0.9686214327812195,"z":0.24816665053367616,"w":0.014499192126095295},"size":1.4168369770050049,"orthographic":false}